,CountryCode,CountryName
0,AD,Andorra
1,AE,United Arab Emirates (the)
2,AF,Afghanistan
3,AG,Antigua and Barbuda
4,AI,Anguilla
5,AL,Albania
6,AM,Armenia
7,AO,Angola
8,AQ,Antarctica
9,AR,Argentina
10,AS,American Samoa
11,AT,Austria
12,AU,Australia
13,AW,Aruba
14,AZ,Azerbaijan
15,BA,Bosnia and Herzegovina
16,BB,Barbados
17,BI,Burundi
18,BE,Belgium
19,BF,Burkina Faso
20,BG,Bulgaria
21,BH,Bahrain
22,BD,Bangladesh
23,BJ,Benin
24,BM,Bermuda
25,BN,Brunei Darussalam
26,BO,"Bolivia, Plurinational State of"
27,BR,Brazil
28,BS,Bahamas
29,BT,Bhutan
30,BW,Botswana
31,BY,Belarus
32,BZ,Belize
33,CA,Canada
34,CC,Cocos (Keeling) Islands
35,CD,"Congo, The Democratic Republic of the"
36,CF,Central African Republic
37,CG,Congo
38,CH,Switzerland
39,CI,Côte d'Ivoire
40,CK,Cook Islands
41,CL,Chile
42,CM,Cameroon
43,CN,China
44,CO,Colombia
45,CR,Costa Rica
46,CU,Cuba
47,CV,Cape Verde
48,CX,Christmas Island
49,CY,Cyprus
50,CZ,Czechia
51,DE,Germany
52,DJ,Djibouti
53,DK,Denmark
54,DM,Dominica
55,DO,Dominican Republic
56,DZ,Algeria
57,EC,Ecuador
58,EE,Estonia
59,EG,Egypt
60,EH,Western Sahara
61,ER,Eritrea
62,ES,Spain
63,ET,Ethiopia
64,FI,Finland
65,FJ,Fiji
66,FK,Falkland Islands (Malvinas)
67,FM,"Micronesia, Federated States of"
68,FO,Faroe Islands
69,FR,France
70,GA,Gabon
71,GB,United Kingdom
72,GD,Grenada
73,GE,Georgia
74,GF,French Guiana
75,GH,Ghana
76,GI,Gibraltar
77,GL,Greenland
78,GM,Gambia
79,GN,Guinea
80,GP,Guadeloupe
81,GQ,Equatorial Guinea
82,GR,Greece
83,GS,South Georgia and the South Sandwich Islands
84,GT,Guatemala
85,GU,Guam
86,GW,Guinea-Bissau
87,GY,Guyana
88,HK,Hong Kong 
89,HM,Heard Island and McDonald Islands
90,HN,Honduras
91,HR,Croatia
92,HT,Haiti
93,HU,Hungary
94,ID,Indonesia
95,IE,Ireland
96,IL,Israel
97,IN,India
98,IO,British Indian Ocean Territory
99,IQ,Iraq
100,IR,"Iran, Islamic Republic of"
101,IS,Iceland
102,IT,Italy
103,JM,Jamaica
104,JO,Jordan
105,JP,Japan
106,KE,Kenya
107,KG,Kyrgyzstan
108,KH,Cambodia
109,KI,Kiribati
110,KM,Comoros
111,KN,Saint Kitts and Nevis
112,KP,"Korea, Democratic People's Republic of"
113,KR,"Korea, Republic of"
114,KW,Kuwait
115,KY,Cayman Islands
116,KZ,Kazakhstan
117,LA,Lao People's Democratic Republic
118,LB,Lebanon
119,LC,Saint Lucia
120,LI,Liechtenstein
121,LK,Sri Lanka
122,LR,Liberia
123,LS,Lesotho
124,LT,Lithuania
125,LU,Luxembourg
126,LV,Latvia
127,LY,Libya
128,MA,Morocco
129,MC,Monaco
130,MD,"Moldova, Republic of"
131,MG,Madagascar
132,MH,Marshall Islands (the)
133,MK,North Macedonia
134,ML,Mali
135,MM,Myanmar
136,MN,Mongolia
137,MO,Macao
138,MP,Northern Mariana Islands (the)
139,MQ,Martinique
140,MR,Mauritania
141,MS,Montserrat
142,MT,Malta
143,MU,Mauritius
144,MV,Maldives
145,MW,Malawi
146,MX,Mexico
147,MY,Malaysia
148,MZ,Mozambique
149,,Namibia
150,NC,New Caledonia
151,NE,Niger
152,NF,Norfolk Island
153,NG,Nigeria
154,NI,Nicaragua
155,NL,Netherlands
156,NO,Norway
157,NP,Nepal
158,NR,Nauru
159,NU,Niue
160,NZ,New Zealand
161,OM,Oman
162,PA,Panama
163,PE,Peru
164,PF,French Polynesia
165,PG,Papua New Guinea
166,PH,Philippines (the)
167,PK,Pakistan
168,PL,Poland
169,PM,Saint Pierre and Miquelon
170,PN,Pitcairn
171,PR,Puerto Rico
172,PS,"Palestine, State of"
173,PT,Portugal
174,PW,Palau
175,PY,Paraguay
176,QA,Qatar
177,RE,Réunion
178,RO,Romania
179,RU,Russian Federation (the)
180,RW,Rwanda
181,SA,Saudi Arabia
182,SB,Solomon Islands
183,SC,Seychelles
184,SD,Sudan (the)
185,SE,Sweden
186,SG,Singapore
187,SH,"Saint Helena, Ascension and Tristan Da Cunha"
188,SI,Slovenia
189,SJ,Svalbard and Jan Mayen
190,SK,Slovakia
191,SL,Sierra Leone
192,SM,San Marino
193,SN,Senegal
194,SO,Somalia
195,SR,Suriname
196,ST,Sao Tome and Principe
197,SV,El Salvador
198,SY,Syrian Arab Republic (the)
199,SZ,Eswatini
200,TC,Turks and Caicos Islands (the)
201,TD,Chad
202,TF,French Southern Territories
203,TG,Togo
204,TH,Thailand
205,TJ,Tajikistan
206,TK,Tokelau
207,TM,Turkmenistan
208,TN,Tunisia
209,TO,Tonga
210,TL,Timor-Leste
211,TR,Türkiye
212,TT,Trinidad and Tobago
213,TV,Tuvalu
214,TW,Taiwan (Province of China)
215,TZ,"Tanzania, United Republic of"
216,UA,Ukraine
217,UG,Uganda
218,UM,United States Minor Outlying Islands
219,US,United States of America (the)
220,UY,Uruguay
221,UZ,Uzbekistan
222,VA,Holy See (Vatican City State)
223,VC,Saint Vincent and the Grenadines
224,VE,Venezuela (Bolivarian Republic of)
225,VG,Virgin Islands (British)
226,VI,Virgin Islands (U.S.)
227,VN,Viet Nam
228,VU,Vanuatu
229,WF,Wallis and Futuna
230,WS,Samoa
231,YE,Yemen
232,YT,Mayotte
233,ZA,South Africa
234,ZM,Zambia
235,ZW,Zimbabwe
236,XZ,Installations in International Waters
237,RS,Serbia
238,ME,Montenegro
239,JE,Jersey
240,GG,Guernsey
241,IM,Isle of Man
242,AX,Åland Islands
243,CW,Curaçao
244,BQ,"Bonaire, Sint Eustatius and Saba"
245,BL,Saint Barthélemy
246,MF,Saint Martin (French Part)
247,SX,Sint Maarten (Dutch Part)
248,SS,South Sudan
